1,drinking_168.jpg,1,cup,1,0,0,-45
2,drinking_226.jpg,0.5,straw,1,0,0,0
3,drinking_197.jpg,1,can,1,45,0,45
4,drinking_074.jpg,1,cup,1,-45,0,-45
5,drinking_237.jpg,-1,straw,1,-90,0,-22
6,drinking_195.jpg,0,bottle,0,-90,0,-90
7,drinking_203.jpg,1,bottle,0,0,0,-22
8,drinking_027.jpg,-1,juicebox,1,-45,0,-22
9,drinking_204.jpg,1,cup,1,0,0,-10
10,drinking_105.jpg,1,cup,1,0,0,10
11,drinking_230.jpg,0.5,straw,1,0,0,10
12,drinking_174.jpg,0.5,bottle,1,-45,0,-90
13,drinking_006.jpg,0.5,glass,1,90,0,80
14,drinking_110.jpg,0.5,straw,1,45,0,10
15,drinking_142.jpg,1,glass,1,45,0,90
16,drinking_063.jpg,0.5,straw,1,0,0,-60
17,drinking_047.jpg,1,can,1,-45,0,-60
18,drinking_092.jpg,0,bottle,0,-90,0,-90
19,drinking_246.jpg,1,glass,0,0,0,0
20,drinking_215.jpg,1,cup,1,0,0,0
21,drinking_031.jpg,1,cup,1,0,0,0
22,drinking_067.jpg,1,glass,1,45,0,90
23,drinking_015.jpg,1,cup,1,0,0,22
24,drinking_001.jpg,0.5,cup,1,-90,0,-45
25,drinking_196.jpg,0.5,glass,1,0,0,45
26,drinking_152.jpg,0.5,glass,1,-45,0,-80
27,drinking_053.jpg,0.5,glass,1,45,0,45
28,drinking_181.jpg,1,cup,1,-45,0,-45
29,drinking_017.jpg,0.5,bottle,1,-45,0,-45
30,drinking_210.jpg,0.5,straw,1,-45,0,-45
31,drinking_079.jpg,1,glass,1,45,0,0
32,drinking_058.jpg,0.5,straw,1,0,0,0
33,drinking_145.jpg,0,bottle,1,-90,0,-90
34,drinking_016.jpg,1,glass,1,0,0,22
35,drinking_040.jpg,0.5,straw,1,0,0,0
36,drinking_140.jpg,1,glass,1,-45,0,-45
37,drinking_193.jpg,0.5,straw,1,0,0,10
38,drinking_166.jpg,1,cup,1,45,0,45
39,drinking_244.jpg,0,bottle,0,90,0,90
40,drinking_115.jpg,0.5,bottle,1,-45,0,-90
41,drinking_102.jpg,1,cup,1,-45,0,-45
42,drinking_252.jpg,0.5,straw,1,0,0,-22
43,drinking_206.jpg,0.5,cup,0,-90,0,-90
44,drinking_185.jpg,0,cup,1,-45,0,-45
45,drinking_149.jpg,1,glass,1,-45,0,-45
46,drinking_032.jpg,0,cup,1,-90,0,-22
47,drinking_170.jpg,1,cup,1,0,0,0
48,drinking_122.jpg,0.5,straw,1,0,0,-22
49,drinking_254.jpg,0.5,glass,0,-45,0,-90
50,drinking_025.jpg,0.5,bottle,1,-45,0,-90
51,drinking_222.jpg,1,can,1,45,0,45
52,drinking_208.jpg,0.5,can,1,90,0,90
53,drinking_144.jpg,0,bottle,1,90,0,90
54,drinking_184.jpg,0.5,cup,0,45,0,45
55,drinking_156.jpg,0.5,cup,1,45,0,-45
56,drinking_147.jpg,0.5,cup,1,-90,0,-90
57,drinking_035.jpg,0.5,straw,1,0,0,45
58,drinking_160.jpg,0.5,straw,1,45,0,45
59,drinking_133.jpg,1,glass,1,0,0,0
60,drinking_116.jpg,0,straw,1,90,0,45
61,drinking_186.jpg,1,cup,1,0,0,22
62,drinking_209.jpg,0,other,1,-90,-45,-135
63,drinking_229.jpg,0.5,straw,1,0,0,0
64,drinking_198.jpg,0.5,glass,1,-45,0,-45
65,drinking_085.jpg,0,can,1,-90,0,-45
66,drinking_247.jpg,1,glass,1,0,0,0
67,drinking_176.jpg,0,bottle,1,-90,-45,-90
68,drinking_111.jpg,1,cup,1,0,0,-22
69,drinking_213.jpg,0.5,can,1,90,0,70
70,drinking_178.jpg,0,can,1,-90,-45,-135
71,drinking_118.jpg,0.5,can,1,90,0,90
72,drinking_232.jpg,1,glass,1,-45,0,-45
73,drinking_082.jpg,0.5,straw,1,0,0,0
74,drinking_212.jpg,1,cup,1,90,0,90
75,drinking_231.jpg,0.5,bottle,1,0,0,-135
76,drinking_077.jpg,0,bottle,1,-90,0,-90
77,drinking_011.jpg,1,can,1,0,0,45
78,drinking_038.jpg,1,cup,1,0,0,0
79,drinking_216.jpg,1,cup,1,45,0,90
80,drinking_238.jpg,0,bottle,1,90,0,90
81,drinking_207.jpg,0.5,bottle,0,45,0,45
82,drinking_044.jpg,1,cup,1,45,0,45
83,drinking_169.jpg,0.5,straw,1,0,0,0
84,drinking_243.jpg,0,juicebox,1,-90,0,-45
85,drinking_240.jpg,0,bottle,0,-45,0,-60
86,drinking_093.jpg,0.5,can,1,45,0,45
87,drinking_008.jpg,0.5,straw,1,0,0,-45
88,drinking_221.jpg,0.5,bottle,1,0,0,-90
89,drinking_159.jpg,0.5,bottle,1,45,0,90
90,drinking_136.jpg,1,can,1,45,0,45
91,drinking_057.jpg,-1,can,0,-45,0,-45
92,drinking_242.jpg,0.5,glass,1,-45,0,-45
93,drinking_061.jpg,0.5,cup,1,0,0,0
94,drinking_164.jpg,1,glass,0,0,0,-22
95,drinking_080.jpg,1,cup,1,0,0,0
96,drinking_139.jpg,1,cup,1,0,0,10
97,drinking_037.jpg,1,cup,1,-45,0,-45
98,drinking_183.jpg,1,cup,1,0,0,0
99,drinking_121.jpg,0,other,1,-45,0,-45
100,drinking_127.jpg,0,juicebox,1,90,0,60
101,~/data/drinking_extended/cup/0603-tea-time-0550.jpg,0,cup,1,0,0,0
102,~/data/drinking_extended/cup/11311846-man-drinking-hot-tea-from-a-yellow-mug-wearing-scarf-cap-gloves-and-a-coat.jpg,0,cup,1,0,0,0
103,~/data/drinking_extended/cup/114539478_Booze_345070c.jpg,0,cup,1,90,0,90
104,~/data/drinking_extended/cup/11596949-man-drinking-hot-tea-from-a-yellow-mug-wearing-scarf-cap-gloves-and-a-coat.jpg,0,cup,1,0,0,0
105,~/data/drinking_extended/cup/11632314-close-up-of-a-young-man-drinking-orange-juice-in-his-kitchen.jpg,0,cup,1,90,0,45
106,~/data/drinking_extended/cup/12290663485QIs3z.jpg,0,cup,1,0,0,0
107,~/data/drinking_extended/cup/1268352786SNT6Rw.jpg,0,cup,1,-45,0,-45
108,~/data/drinking_extended/cup/1269420035mQv0k3.jpg,0,cup,1,0,0,0
109,~/data/drinking_extended/cup/139.jpg,0,cup,1,90,0,45
110,~/data/drinking_extended/cup/16039194-a-young-girl-holding-and-drinking-from-a-cup-indoor.jpg,0,cup,1,0,0,0
111,~/data/drinking_extended/cup/16167224-beautiful-woman-drinking-coffee-in-bright-red-mug-studio-shot.jpg,0,cup,1,0,0,0
112,~/data/drinking_extended/cup/24-105mm-travel-coffee-mug-cup-thermos-with.jpg,0,cup,1,-90,0,-90
113,~/data/drinking_extended/cup/2684940-131052-little-child-boy-drinking-pure-water-from-plastic-cup.jpg,0,cup,1,-45,0,-45
114,~/data/drinking_extended/cup/311376-business-woman-dressed-in-a-pencil-skirt-and-jacket--drinking-out-of-a-mug.jpg,0,cup,1,45,0,45
115,~/data/drinking_extended/cup/3297605-woman-in-towel-drinking-water.jpg,0,cup,1,-90,0,-80
116,~/data/drinking_extended/cup/4376537-woman-drinking-beer.jpg,0,cup,1,-45,0,-45
117,~/data/drinking_extended/cup/529366-teenage-boy-drinking-a-mug-of-root-beer.jpg,0,cup,1,90,0,90
118,~/data/drinking_extended/cup/5527417-senior-citizen-woman-drinking-from-a-cup-of-coffee-at-a-diner.jpg,0,cup,1,0,0,0
119,~/data/drinking_extended/cup/5527418-senior-citizen-woman-drinking-from-a-mug-of-coffee-at-a-diner.jpg,0,cup,1,0,0,0
120,~/data/drinking_extended/cup/5583356-a-beautiful-young-woman-drinking-from-a-spotty-mug-on-a-white-background.jpg,0,cup,1,0,0,0
121,~/data/drinking_extended/cup/61389066-drinking-water.jpg,0,cup,1,90,-45,70
122,~/data/drinking_extended/cup/700-00086079t.jpg,0,cup,1,-45,0,0
123,~/data/drinking_extended/cup/8153645-beautiful-woman-drinking-wine-up-on-an-isolated-background.jpg,0,cup,1,-45,0,-45
124,~/data/drinking_extended/cup/8207605-woman-drinking-mineral-water-from-the-glass.jpg,0,cup,1,-90,0,-80
125,~/data/drinking_extended/cup/8496007816_4efaa387fb_z.jpg,0,cup,1,0,0,-10
126,~/data/drinking_extended/cup/8790904-brunette-woman-drinking-and-holding-red-pattern-mug-of-tea-coffee-in-hand-isolated-on-white-backgrou.jpg,0,cup,1,-90,0,-80
127,~/data/drinking_extended/cup/A-Woman-Drinking-Water.jpg,0,cup,1,-45,0,-45
128,~/data/drinking_extended/cup/B0T0BC.jpg,0,cup,1,-90,0,-60
129,~/data/drinking_extended/cup/Child_drinking_Orangina_in_Keystone_Colorado.jpg,0,cup,1,-90,0,-80
130,~/data/drinking_extended/cup/Drinking-Green-Tea.jpg,0,cup,1,-90,0,-45
131,~/data/drinking_extended/cup/Drinking-Juices.jpg,0,cup,1,0,0,10
132,~/data/drinking_extended/cup/Drinking-Water2.jpg,0,cup,1,-90,0,-45
133,~/data/drinking_extended/cup/Drinking-juice.jpg,0,cup,1,-45,0,-30
134,~/data/drinking_extended/cup/Drinking_and_driving.jpg,0,cup,1,90,0,70
135,~/data/drinking_extended/cup/FOR_cor_BXP62870.jpg,0,cup,1,0,0,0
136,~/data/drinking_extended/cup/FadWatch_020_n_lg.jpg,0,cup,1,45,0,20
137,~/data/drinking_extended/cup/Girl Drinking Water.jpg,0,cup,1,-90,0,-45
138,~/data/drinking_extended/cup/Girls_Drinking_Water_4.jpg,0,cup,1,0,0,-45
139,~/data/drinking_extended/cup/KidDrinkingJuice260.jpg,0,cup,1,-90,0,-45
140,~/data/drinking_extended/cup/Kid_Drinking_Water.jpg,0,cup,1,-45,0,-45
141,~/data/drinking_extended/cup/Moderate-drinking.jpg,0,cup,1,90,0,90
142,~/data/drinking_extended/cup/Preschool_boy_drinking_from_cup_at_snacks.jpg,0,cup,1,-45,0,-45
143,~/data/drinking_extended/cup/Teen-drinking-Milk.jpg,0,cup,1,90,0,30
144,~/data/drinking_extended/cup/Teenage-Girl-Drinking-Orange-Juice-1558277.jpg,0,cup,1,0,0,10
145,~/data/drinking_extended/cup/Ways-to-Switch-to-a-Big-Kid-Cup-article.jpg,0,cup,1,90,0,45
146,~/data/drinking_extended/cup/WomanDrinkingWater.jpg,0,cup,1,-90,0,-45
147,~/data/drinking_extended/cup/Woman_drinking_water.jpg,0,cup,1,0,0,-20
148,~/data/drinking_extended/cup/Young-woman-drinking-a-gl-002.jpg,0,cup,1,0,0,-20
149,~/data/drinking_extended/cup/_46914490_c0027242-woman_with_hot_drink-spl-1.jpg,0,cup,1,0,0,0
150,~/data/drinking_extended/cup/a0230-000020.jpg,0,cup,1,0,0,0
151,~/data/drinking_extended/cup/are-you-drinking-fat.jpg,0,cup,1,90,0,45
152,~/data/drinking_extended/cup/child_drinking_out_of_large_red_mug_960446.jpg,0,cup,1,0,0,0
153,~/data/drinking_extended/cup/clean-drinking-water.jpg,0,cup,1,-90,0,-45
154,~/data/drinking_extended/cup/cup-368720.jpg,0,cup,1,45,0,20
155,~/data/drinking_extended/cup/cuppow1.jpg,0,cup,1,-90,0,-90
156,~/data/drinking_extended/cup/depositphotos_1135498-Man-drinking-beer.jpg,0,cup,1,-90,0,-60
157,~/data/drinking_extended/cup/depositphotos_1341289-Beautiful-woman-drinking-water.jpg,0,cup,1,-90,0,-60
158,~/data/drinking_extended/cup/depositphotos_4663218-Children-drinking-milk.jpg,0,cup,1,-45,0,-10
159,~/data/drinking_extended/cup/depositphotos_6028199-Boy-drinking-juice.jpg,0,straw,1,0,0,0
160,~/data/drinking_extended/cup/do-you-know-the-health-benefits-of-drinking-tea-aug-4-2012-1-600x400.jpg,0,cup,1,-45,0,-30
161,~/data/drinking_extended/cup/drinking (1).jpg,0,cup,1,90,0,45
162,~/data/drinking_extended/cup/drinking/cup/drinking_juice_glass_liquid,0,cup,1,90,0,45
163,~/data/drinking_extended/cup/drinking-juice-benefits.jpg,0,cup,1,-45,0,-45
164,~/data/drinking_extended/cup/drinking-milk12.jpg,0,cup,1,0,0,-45
165,~/data/drinking_extended/cup/drinking-soup-fire-4026831.jpg,0,cup,1,90,0,45
166,~/data/drinking_extended/cup/drinking-water-460_979746c (1).jpg,0,cup,1,90,0,60
167,~/data/drinking_extended/cup/drinking-water-460_979746c.jpg,0,cup,1,90,0,60
168,~/data/drinking_extended/cup/drinking-water-in-the-morning.jpg,0,cup,1,-90,0,-56
169,~/data/drinking_extended/cup/drinkingMilk_2249275b.jpg,0,cup,1,-90,0,-56
170,~/data/drinking_extended/cup/drinkwater.jpg,0,cup,1,-90,0,-56
171,~/data/drinking_extended/cup/george-marks-man-in-suit-drinking-from-cup-smiling-portrait_i-G-56-5637-BCZMG00Z.jpg,0,cup,1,-45,0,-56
172,~/data/drinking_extended/cup/girl-drinking-from-pink-cup.jpg,0,cup,1,0,0,0
173,~/data/drinking_extended/cup/girl-drinking-glass-of-water.jpg,0,cup,1,-90,0,-45
174,~/data/drinking_extended/cup/health-082312-002-617x416.jpg,0,cup,1,0,0,10
175,~/data/drinking_extended/cup/hot-1pcs-Camera-lens-1-1-EF-24-105mm-Lens-coffee-font-b-drink-b-font.jpg,0,cup,1,-90,0,-30
176,~/data/drinking_extended/cup/images (3).jpg,0,cup,1,90,0,45
177,~/data/drinking_extended/cup/images (4).jpg,0,cup,1,-90,0,-45
178,~/data/drinking_extended/cup/images (5).jpg,0,cup,1,-90,0,-45
179,~/data/drinking_extended/cup/images.jpg,0,cup,1,-90,0,-45
180,~/data/drinking_extended/cup/img-drinking-water-systems.jpg,0,cup,1,45,0,45
181,~/data/drinking_extended/cup/img_4390.jpg,0,cup,1,0,0,0
182,~/data/drinking_extended/cup/incredible_teas_for_your_health.jpg,0,cup,1,0,0,-10
183,~/data/drinking_extended/cup/k6093854.jpg,0,cup,1,0,0,0
184,~/data/drinking_extended/cup/keita_drinking_beer.jpg,0,cup,1,-45,0,-30
185,~/data/drinking_extended/cup/kid_drinking_water (1).jpg,0,cup,1,-45,0,-30
186,~/data/drinking_extended/cup/kids-cat-drinking-milk-together-13148107.jpg,0,cup,1,-90,0,-45
187,~/data/drinking_extended/cup/l_Bg59fred-friends-hopped-up-beer-glass-drinking-mug-upside-d.jpg,0,cup,1,0,0,0
188,~/data/drinking_extended/cup/man-drinking-beer-5440639.jpg,0,cup,1,-45,0,-45
189,~/data/drinking_extended/cup/man_at_laptop_drinking_espresso_42-19128289.jpg,0,cup,1,0,0,0
190,~/data/drinking_extended/cup/md_b0d22e1212647694408909.jpg,0,cup,1,0,0,-10
191,~/data/drinking_extended/cup/men-drinking-beer-5440619.jpg,0,cup,1,-90,0,-60
192,~/data/drinking_extended/cup/mineral-water-drinking.jpg,0,cup,1,-90,0,-45
193,~/data/drinking_extended/cup/model_released_woman_drinking_water_F0012480 (1).jpg,0,cup,1,-90,0,-45
194,~/data/drinking_extended/cup/model_released_woman_drinking_water_F0012480.jpg,0,cup,1,-90,0,-45
195,~/data/drinking_extended/cup/mug2.jpg,0,cup,1,-45,0,0
196,~/data/drinking_extended/cup/photo-boy_drinking_water.jpg,0,cup,1,-45,0,45
197,~/data/drinking_extended/cup/senior_woman_drinking_water_portrait_WESTF05354.jpg,0,cup,1,-90,0,-45
198,~/data/drinking_extended/cup/shutterstock_61831864.jpg,0,cup,1,-45,0,-20
199,~/data/drinking_extended/cup/stock-footage-sad-man-drinking-beer-outdoors.jpg,0,cup,1,-45,0,-80
200,~/data/drinking_extended/cup/stock-photo-a-blond-woman-drinking-a-mug-of-tea-looking-out-of-frame-49437673.jpg,0,cup,1,0,0,0
201,~/data/drinking_extended/cup/stock-photo-beautiful-young-brunette-woman-drinking-from-the-winter-mug-outdoors-125489939.jpg,0,cup,1,0,0,0
202,~/data/drinking_extended/cup/stock-photo-close-up-of-a-sick-man-holding-a-tissue-drinking-from-a-hot-mug-89565496.jpg,0,cup,1,0,0,0
203,~/data/drinking_extended/cup/stock-photo-young-woman-drinking-from-coffee-mug-51457975.jpg,0,cup,1,0,0,0
204,~/data/drinking_extended/cup/u16182893.jpg,0,cup,1,0,0,0
205,~/data/drinking_extended/cup/woman-drinking-TEA.jpg,0,cup,1,-90,0,-45
206,~/data/drinking_extended/cup/woman-drinking-beer.jpg,0,cup,1,0,0,0
207,~/data/drinking_extended/cup/woman-drinking-coffee.jpg,0,cup,1,0,0,-10
208,~/data/drinking_extended/cup/woman-drinking-mug-636.jpg,0,cup,1,0,0,10
209,~/data/drinking_extended/cup/woman-drinking-red-wine_410x290.jpg,0,cup,1,0,0,0
210,~/data/drinking_extended/cup/woman-drinking-tea-cup-saucer-12127621.jpg,0,cup,1,0,0,-10
211,~/data/drinking_extended/cup/woman-w-mug-graeme-weatherston.jpg,0,cup,1,0,0,-5
212,~/data/drinking_extended/cup/woman_drinking_coffee.jpg,0,cup,1,90,0,45
213,~/data/drinking_extended/bottle/10108941-man-drinking-water-after-workout.jpg,0,bottle,1,90,-45,90
214,~/data/drinking_extended/bottle/109918_g.jpg,0,bottle,1,-90,0,-90
215,~/data/drinking_extended/bottle/111114125222-woman-drinking-sports-bottle-juice-story-top.jpg,0,bottle,1,-90,0,-90
216,~/data/drinking_extended/bottle/120531022953-underage-drinking-story-top.jpg,0,bottle,1,-90,0,-90
217,~/data/drinking_extended/bottle/13029913-jogger-drinking-water-after-exercising.jpg,0,bottle,1,90,0,120
218,~/data/drinking_extended/bottle/14781211-boy-drinking-water-from-bottle.jpg,0,bottle,1,-90,0,-90
219,~/data/drinking_extended/bottle/16546547-man-in-gym-clothes-drinking-a-bottle-of-water.jpg,0,bottle,1,90,-45,120
220,~/data/drinking_extended/bottle/1886680-610426-boy-drinking-the-mineral-water-after-exercise.jpg,0,bottle,1,-90,0,-90
221,~/data/drinking_extended/bottle/2101004-326636-young-man-drinking-orange-juice-isolated-on-white-background.jpg,0,bottle,1,-90,0,-90
222,~/data/drinking_extended/bottle/2699121-boy-drinking-the-mineral-water-after-exercise.jpg,0,bottle,1,-90,0,-90
223,~/data/drinking_extended/bottle/3829070-a-young-man-drinking-the-final-drops-from-a-bottle-of-beer.jpg,0,bottle,1,90,0,90
224,~/data/drinking_extended/bottle/3894.jpg,0,bottle,1,90,0,90
225,~/data/drinking_extended/bottle/4651130-boy-drinking-a-soft-drink-out-of-a-bottle.jpg,0,bottle,1,90,0,90
226,~/data/drinking_extended/bottle/5411083-thirsty-man-drinking-water-from-water-bottle-on-the-beach.jpg,0,bottle,1,90,0,90
227,~/data/drinking_extended/bottle/5802484-a-woman-drinking-water-from-a-bottle-while-exercising-in-a-park.jpg,0,bottle,1,-90,0,-90
228,~/data/drinking_extended/bottle/6343268-young-beautiful-caucasian-woman-with-bottle-of-mineral-water-isolated-on-white-background.jpg,0,bottle,1,-90,0,-90
229,~/data/drinking_extended/bottle/6631958-man-drinking-a-bottle-of-water.jpg,0,bottle,1,90,0,90
230,~/data/drinking_extended/bottle/82ef470209a04011a4b34479550fd962.jpg,0,bottle,1,90,0,90
231,~/data/drinking_extended/bottle/8741813-active-senior-drinking-water-from-bottle-at-the-beach.jpg,0,bottle,1,-90,0,-45
232,~/data/drinking_extended/bottle/8952920-closeup-portrait-of-a-boy-drinking-water-isolated-on-white-background.jpg,0,bottle,1,-90,0,-90
233,~/data/drinking_extended/bottle/Benefits-of-drinking-water.jpg,0,bottle,1,-90,0,-90
234,~/data/drinking_extended/bottle/Drink-bottles-promotional.jpg,0,bottle,1,-90,0,-90
235,~/data/drinking_extended/bottle/Drinking-Water-Bottle_621x2.jpg,0,bottle,1,90,0,90
236,~/data/drinking_extended/bottle/Drinking-gallons-water11.jpg,0,bottle,1,-90,0,-80
237,~/data/drinking_extended/bottle/F0054833-Woman_drinking_water_bottle_in_gym-SPL.jpg,0,bottle,1,-90,0,-90
238,~/data/drinking_extended/bottle/Health-Benefits-of-drinking-Buttermilk.jpg,0,bottle,1,90,0,90
239,~/data/drinking_extended/bottle/Img212038848.jpg,0,bottle,1,-90,0,-145
240,~/data/drinking_extended/bottle/Luckie-drinking-chocolate-smaller.jpg,0,bottle,1,90,0,100
241,~/data/drinking_extended/bottle/Woman-drink-water-e1364699375445.jpg,0,bottle,1,-90,0,-145
242,~/data/drinking_extended/bottle/Your-Pre-Exercise-Fluid-Needs.jpg,0,bottle,1,90,0,45
243,~/data/drinking_extended/bottle/_48106095_babybottle_spl226b.jpg,0,bottle,1,-90,0,-90
244,~/data/drinking_extended/bottle/a_teenage_boy_drinking_beer_IE379-093.jpg,0,bottle,1,-90,0,-70
245,~/data/drinking_extended/bottle/african_man_drinking_water_bottle_BLD059111.jpg,0,bottle,1,-90,0,-90
246,~/data/drinking_extended/bottle/agua_infancia2.jpg,0,bottle,1,-90,0,-160
247,~/data/drinking_extended/bottle/article-1310553804683-0CFDB19600000578-29498_304x240.jpg,0,bottle,1,90,0,90
248,~/data/drinking_extended/bottle/article273.jpg,0,bottle,1,-90,0,-100
249,~/data/drinking_extended/bottle/baby-boy-drinking-milk-bottle-14171198.jpg,0,bottle,1,-90,0,-100
250,~/data/drinking_extended/bottle/baby_drinking_from_feeding_bottle_492YAN00051.jpg,0,bottle,1,90,0,100
251,~/data/drinking_extended/bottle/baby_drinking_m831321.jpg,0,bottle,1,-90,0,-90
252,~/data/drinking_extended/bottle/boy-drinking-water-bottle-15484377.jpg,0,bottle,1,-90,0,-100
253,~/data/drinking_extended/bottle/brunette-drinking-bottle-beer-7762370.jpg,0,bottle,1,-90,0,-90
254,~/data/drinking_extended/bottle/depositphotos_5694019-Thirsty-man.jpg,0,bottle,1,-90,0,-145
255,~/data/drinking_extended/bottle/depositphotos_6303367-Woman-drinking-water-from-bottle-isolated-on-white-background.jpg,0,bottle,1,90,0,70
256,~/data/drinking_extended/bottle/drink-water.jpg,0,bottle,1,90,0,100
257,~/data/drinking_extended/bottle/drinking-bottle-etiquette.jpg,0,bottle,1,-90,0,-80
258,~/data/drinking_extended/bottle/drinking-mineral-water.jpg,0,bottle,1,-90,0,-145
259,~/data/drinking_extended/bottle/drinking-water.jpg,0,bottle,1,90,0,130
260,~/data/drinking_extended/bottle/drinking.jpg,0,bottle,1,-90,0,-145
261,~/data/drinking_extended/bottle/female-drinking-water-on-beach-267x400.jpg,0,bottle,1,90,0,130
262,~/data/drinking_extended/bottle/female_athlete_drinking_from_a_water_bottle_BLD020986.jpg,0,bottle,1,90,0,120
263,~/data/drinking_extended/bottle/girl-drinking-water-bottle-280X280.jpg,0,bottle,1,-90,0,-90
264,~/data/drinking_extended/bottle/hispanic_man_drinking_water_bottle_BLD044647.jpg,0,bottle,1,90,0,90
265,~/data/drinking_extended/bottle/images (1).jpg,0,bottle,1,90,0,90
266,~/data/drinking_extended/bottle/images (2).jpg,0,bottle,1,90,0,130
267,~/data/drinking_extended/bottle/images (6).jpg,0,bottle,1,-90,0,-90
268,~/data/drinking_extended/bottle/images.jpg,0,bottle,1,-90,0,-90
269,~/data/drinking_extended/bottle/jeffers-kid-drinking-water.jpg,0,bottle,1,-90,0,-90
270,~/data/drinking_extended/bottle/justin_timberlake_drinking_wat.jpg,0,bottle,1,-90,0,-90
271,~/data/drinking_extended/bottle/man-drinking-beer-2641935.jpg,0,bottle,1,90,0,145
272,~/data/drinking_extended/bottle/man-drinking-water-bottle-9498258.jpg,0,bottle,1,90,0,90
273,~/data/drinking_extended/bottle/model_released_bottle_feeding_baby_boy_drinking_milk_from_a_bottle_F0013183.jpg,0,bottle,1,-90,0,-80
274,~/data/drinking_extended/bottle/model_released_woman_drinking_water_from_a_bottle_F0012464.jpg,0,bottle,1,-90,0,-110
275,~/data/drinking_extended/bottle/one-year-old_boy_drinking_milk_from_his_bottle_ontario_canada_FLC2106.jpg,0,bottle,1,90,0,90
276,~/data/drinking_extended/bottle/pg-healthy-tips-woman-drinking-water-full.jpg,0,bottle,1,-90,0,-90
277,~/data/drinking_extended/bottle/side_profile_of_a_girl_drinking_water_from_a_bottle_gws131013.jpg,0,bottle,1,90,0,90
278,~/data/drinking_extended/bottle/sports-drink.jpg,0,bottle,1,90,0,90
279,~/data/drinking_extended/bottle/stock-footage-girl-drinking-water-from-bottle-and-eating-apple.jpg,0,bottle,1,-90,0,-90
280,~/data/drinking_extended/bottle/stock-photo-portrait-pretty-young-woman-background-green-summer-park-drinking-water-bottle-97348271.jpg,0,bottle,1,90,0,80
281,~/data/drinking_extended/bottle/t1larg.drink_.water_.lose_.weight.jpg,0,bottle,1,90,0,90
282,~/data/drinking_extended/bottle/u8_Drinking-water.jpg,0,bottle,1,-90,0,-110
283,~/data/drinking_extended/bottle/water bottle1.jpg,0,bottle,1,-90,0,-80
284,~/data/drinking_extended/bottle/woman-at-gym-drinking-from-bottle.jpg,0,bottle,1,-90,0,-90
285,~/data/drinking_extended/bottle/woman-drinking-beer-199189.jpg,0,bottle,1,90,0,90
286,~/data/drinking_extended/bottle/woman-drinking-water-bottle-9548145.jpg,0,bottle,1,-90,0,-90
287,~/data/drinking_extended/bottle/woman-drinking-water-bottle.jpg,0,bottle,1,90,0,90
288,~/data/drinking_extended/bottle/woman-drinking-water.jpg,0,bottle,1,-90,0,-110
289,~/data/drinking_extended/bottle/woman_drinking_a_bottle_of_milk_IS098QZ60.jpg,0,bottle,1,-90,0,-90
290,~/data/drinking_extended/bottle/woman_drinking_water_from_a_water_bottle_KY200053.jpg,0,bottle,1,90,0,90
291,~/data/drinking_extended/bottle/wonders-of-water-457a-121609.jpg,0,bottle,1,90,0,90
292,~/data/drinking_extended/bottle/x27185801.jpg,0,bottle,1,-90,0,-90
293,~/data/drinking_extended/bottle/young-woman-drinking-water-bottle-21267642.jpg,0,bottle,1,-90,0,-90
294,~/data/drinking_extended/bottle/young_man_drinking_mineral_water_in_wilderness_42-17376566.jpg,0,bottle,1,-90,0,-90
295,~/data/drinking_extended/bottle/young_woman_drinking_water_from_a_bottle_945271.jpg,0,bottle,1,-90,0,-110
296,~/data/drinking_extended/straw/100pcs-lot-font-b-Glow-b-font-in-the-dark-Straw-font-b-Stick-b-font.jpg,0,straw,1,90,0,30
297,~/data/drinking_extended/straw/11872602-cute-boy-is-drinking-orange-juice-using-straw.jpg,0,straw,1,0,0,120
298,~/data/drinking_extended/straw/12719420-woman-in-a-restaurant-or-diner-drinking-a-milkshake-using-a-straw-shot-with-available-light-very-sel.jpg,0,straw,1,0,0,10
299,~/data/drinking_extended/straw/1324580832ZaG3H3.jpg,0,straw,1,0,0,10
300,~/data/drinking_extended/straw/18987768-little-boy-drinking-juice-with-straw-in-fast-food-restaurant.jpg,0,straw,1,0,0,0
301,~/data/drinking_extended/straw/2038896-937502-jerome-gorin-altopress-maxppp-boy-drinking-through-straw-portrait.jpg,0,straw,1,0,0,45
302,~/data/drinking_extended/straw/2259004-121798-cute-little-girl-drinks-milk-using-drinking-straw-isolated-over-white.jpg,0,straw,1,0,0,10
303,~/data/drinking_extended/straw/2556181-177850-child-drinking-juice-through-a-straw.jpg,0,straw,1,0,0,10
304,~/data/drinking_extended/straw/2870010-232281-young-woman-drinking-juice-with-straw-isolated-on-white.jpg,0,straw,1,-90,0,-45
305,~/data/drinking_extended/straw/31123_405053918336_1072549_n.jpg,0,straw,1,0,0,-10
306,~/data/drinking_extended/straw/400_F_40891093_FzsKMtZzrXNmP1yv5o4AO0rRg76RBU1G.jpg,0,straw,1,-45,0,-45
307,~/data/drinking_extended/straw/700-06199238w.jpg,0,straw,1,-45,0,-30
308,~/data/drinking_extended/straw/86511086.jpg,0,straw,1,0,0,0
309,~/data/drinking_extended/straw/8863224-healthy-lifestyle--woman-drink-juice-from-orange-with-drinking-straw-on-green-background.jpg,0,straw,1,0,0,-30
310,~/data/drinking_extended/straw/8863248-healthy-lifestyle--woman-drink-juice-from-orange-with-drinking-straw-on-green-background.jpg,0,straw,1,-45,0,-85
311,~/data/drinking_extended/straw/9030553-young-attractive-woman-drinks-orange-juice-using-drinking-straw-isolated-over-white.jpg,0,straw,1,-45,0,-45
312,~/data/drinking_extended/straw/9382020-beautiful-young-woman-drinking-juice-direct-from-an-orange-fruit-using-a-straw.jpg,0,straw,1,90,0,80
313,~/data/drinking_extended/straw/A0021-The-Dangers-of-Drinking-Straws_leader.jpg,0,straw,1,0,0,0
314,~/data/drinking_extended/straw/Baby-Drinking-a-Juice-Box-478x308.jpg,0,straw,1,0,0,-90
315,~/data/drinking_extended/straw/Bunny-party-taste-and-tell-11.jpg,0,straw,1,0,0,0
316,~/data/drinking_extended/straw/Child-Drinking-Through-Straw-466277.jpg,0,straw,1,-90,0,-30
317,~/data/drinking_extended/straw/Creative-design-eyeglass-font-b-reusable-b-font-drinking-font-b-straws-b-font-Silly-font.jpg,0,straw,1,0,0,-70
318,~/data/drinking_extended/straw/DSC_0374copy.jpg,0,straw,1,0,0,0
319,~/data/drinking_extended/straw/DrinkThruStraw.jpg,0,straw,1,90,0,70
320,~/data/drinking_extended/straw/Drinking-Straws.jpg,0,straw,1,-90,0,-45
321,~/data/drinking_extended/straw/Duck-Duck-Drink-Straws_36272-l.jpg,0,straw,1,0,0,0
322,~/data/drinking_extended/straw/PCH3468.jpg,0,straw,1,-90,0,-30
323,~/data/drinking_extended/straw/Photo-on-4-5-13-at-3.44-PM-3.jpg,0,straw,1,0,0,30
324,~/data/drinking_extended/straw/Silly-Straw-Glasses-Novelty-Drinking-Straw-Grinking-Glasses.jpg,0,straw,1,0,0,-70
325,~/data/drinking_extended/straw/Solutions_Municipal_Drinking_Water.jpg,0,straw,1,0,0,0
326,~/data/drinking_extended/straw/Sophie Monk In Goggles Drinking Pepsi Photoshoot.jpg,0,straw,1,0,0,-45
327,~/data/drinking_extended/straw/Three-parties-one-project-the-probiotic-straw_medium_vga.jpg,0,straw,1,0,0,0
328,~/data/drinking_extended/straw/a_woman_drinking_juice_from_an_orange_with_a_straw_27811.jpg,0,straw,1,0,0,0
329,~/data/drinking_extended/straw/article-new_ehow_images_a07_p3_dc_mold-out-straw-800x800.jpg,0,straw,1,0,0,45
330,~/data/drinking_extended/straw/boy-drinking-milk-shake-10685431.jpg,0,straw,1,0,0,-80
331,~/data/drinking_extended/straw/boy-drinking-soda-through-straw.jpg,0,straw,1,0,0,20
332,~/data/drinking_extended/straw/boy-drinking-straw-9718218.jpg,0,straw,1,0,0,-10
333,~/data/drinking_extended/straw/canned-drink-straw-art.jpg,0,straw,1,0,0,-20
334,~/data/drinking_extended/straw/child-drinking.jpg,0,straw,1,0,0,0
335,~/data/drinking_extended/straw/close_up_of_woman_drinking_soda_from_a_straw_u15389013.jpg,0,straw,1,0,0,10
336,~/data/drinking_extended/straw/coke.jpg,0,straw,1,0,0,15
337,~/data/drinking_extended/straw/drinking-boy-20513060.jpg,0,straw,1,0,0,50
338,~/data/drinking_extended/straw/drinking-glasses-straw-lovely-diy-crazy-straw (1).jpg,0,straw,1,0,0,-70
339,~/data/drinking_extended/straw/drinking-glasses-straw-lovely-diy-crazy-straw.jpg,0,straw,1,0,0,-45
340,~/data/drinking_extended/straw/drinking-my-juice-with-straw.jpg,0,straw,1,45,0,45
341,~/data/drinking_extended/straw/drinking_straw_oboe_xxxlarge.jpg,0,straw,1,0,0,-45
342,~/data/drinking_extended/straw/drinking_straws_wrinkles.jpg,0,straw,1,0,0,0
343,~/data/drinking_extended/straw/drinking_with_straw.jpg,0,straw,1,0,0,-30
344,~/data/drinking_extended/straw/esy-000633766.jpg,0,straw,1,0,0,0
345,~/data/drinking_extended/straw/girl-drinking-from-a-juice-box-380x225.jpg,0,straw,1,0,0,45
346,~/data/drinking_extended/straw/girl_drinking_from_straw_vitrectomy-150x150.jpg,0,straw,1,0,0,0
347,~/data/drinking_extended/straw/girl_drinking_milk_with_straw_u12728850.jpg,0,straw,1,0,0,-45
348,~/data/drinking_extended/straw/health_20110519_softdrink_banner.jpg,0,straw,1,0,0,-45
349,~/data/drinking_extended/straw/images (1).jpg,0,straw,1,0,0,-30
350,~/data/drinking_extended/straw/images.jpg,0,straw,1,0,0,0
351,~/data/drinking_extended/straw/portrait_of_a_baby_boy_drinking_juice_from_a_carton_with_a_drinking_straw_KY166036.jpg,0,straw,1,0,0,-45
352,~/data/drinking_extended/straw/portrait_of_a_boy_drinking_with_a_straw_gws23348388.jpg,0,straw,1,0,0,-5
353,~/data/drinking_extended/straw/portrait_of_a_mid_adult_man_drinking_water_with_a_straw_gws5541468.jpg,0,straw,1,0,0,0
354,~/data/drinking_extended/straw/stk71082cor.jpg,0,straw,1,0,0,10
355,~/data/drinking_extended/straw/stock-footage-happy-young-man-drinking-exotic-cocktail-close-up.jpg,0,straw,1,90,0,60
356,~/data/drinking_extended/straw/stock-footage-man-drinking-from-a-straw.jpg,0,straw,1,0,0,-45
357,~/data/drinking_extended/straw/stock-photo-portrait-of-a-teenage-boy-drinking-milk-using-drinking-straw-82262815.jpg,0,straw,1,0,0,60
358,~/data/drinking_extended/straw/straw.jpg,0,straw,1,0,0,10
359,~/data/drinking_extended/straw/tomy-fruit-straw.jpg,0,straw,1,0,0,-10
360,~/data/drinking_extended/straw/woman-drinking-cola-straw-410x290.jpg,0,straw,1,0,0,-5
361,~/data/drinking_extended/straw/woman-drinking-water-green-straw-mdn.jpg,0,straw,1,0,0,5
362,~/data/drinking_extended/straw/woman_drinking_juice_with_straw_42-17317384.jpg,0,straw,1,0,0,-30
363,~/data/drinking_extended/straw/woman_drinking_milkshake_with_straw_u10665528.jpg,0,straw,1,0,0,-20
364,~/data/drinking_extended/straw/woman_drinking_through_a_straw_LV0047001e.jpg,0,straw,1,0,0,0
365,~/data/drinking_extended/straw/young_woman_drinking_cola_through_a_straw_969896.jpg,0,straw,1,0,0,-20
366,drinking_128.jpg,0,straw,1,0,0,0
367,drinking_004.jpg,0,cup,1,-45,0,-45
368,drinking_056.jpg,0,glass,1,0,0,-10
369,drinking_190.jpg,0,glass,1,45,0,45
370,drinking_104.jpg,0,glass,1,-45,0,-45
371,drinking_046.jpg,0,bottle,1,0,0,60
372,drinking_182.jpg,0,bottle,1,90,0,90
373,drinking_007.jpg,0,cup,1,-45,0,-45
374,drinking_130.jpg,0,bottle,1,90,0,90
375,drinking_132.jpg,0,glass,1,0,0,-80
376,drinking_048.jpg,0,glass,1,-90,0,-45
377,drinking_022.jpg,0,cup,1,-90,0,-45
378,drinking_020.jpg,0,glass,1,90,0,45
379,drinking_059.jpg,0,bottle,1,-45,0,-90
380,drinking_154.jpg,0,straw,1,45,20,10
381,drinking_200.jpg,0,cup,1,-45,0,-30
382,drinking_068.jpg,0,glass,1,45,0,30
383,drinking_146.jpg,0,straw,1,0,0,30
384,drinking_066.jpg,0,bottle,1,-90,0,-60
385,drinking_124.jpg,0,glass,1,-45,0,-45
386,drinking_155.jpg,0,bottle,1,-90,0,-100
387,drinking_087.jpg,0,bottle,1,0,0,-70
388,drinking_148.jpg,0,cup,1,0,0,0
389,drinking_109.jpg,0,bottle,1,90,-45,135
390,drinking_245.jpg,0,glass,1,-45,0,-90
391,drinking_106.jpg,0,straw,1,0,20,-20
392,drinking_024.jpg,0,cup,1,-45,0,-30
393,drinking_172.jpg,0,glass,1,-45,0,-20
394,drinking_235.jpg,0,bottle,1,45,0,90
395,drinking_023.jpg,0,straw,1,0,0,0
396,drinking_158.jpg,0,cup,1,-90,0,-80
397,drinking_099.jpg,0,straw,1,0,0,20
398,drinking_005.jpg,0,straw,1,0,0,20
399,drinking_019.jpg,0,bottle,1,-90,0,-100
400,drinking_211.jpg,0,bottle,1,0,0,-80
401,drinking_090.jpg,0,glass,1,0,0,20
402,drinking_043.jpg,0,bottle,1,-45,0,-80
403,drinking_225.jpg,0,cup,1,0,0,0
404,drinking_065.jpg,0,glass,1,-45,0,-70
405,drinking_256.jpg,0,glass,1,-90,0,-90
406,drinking_009.jpg,0,cup,1,0,0,-30
407,drinking_120.jpg,0,bottle,1,0,-20,-135
408,drinking_010.jpg,0,cup,1,-90,0,-45
409,drinking_096.jpg,0,straw,1,0,0,-10
410,drinking_112.jpg,0,bottle,1,90,-45,-135
411,drinking_083.jpg,0,straw,1,0,0,20
412,drinking_173.jpg,0,glass,1,-90,0,-45
413,drinking_028.jpg,0,bottle,1,-45,0,-100
414,drinking_253.jpg,0,straw,1,0,0,30
415,drinking_167.jpg,0,straw,1,0,0,0
416,drinking_157.jpg,0,cup,1,0,0,-45
417,drinking_217.jpg,0,cup,1,0,0,0
418,drinking_034.jpg,0,bottle,1,-45,0,-90
419,drinking_094.jpg,0,cup,1,45,0,30
420,drinking_049.jpg,0,juicebox,1,0,0,0
421,drinking_214.jpg,0,bottle,1,-45,0,-90
422,drinking_125.jpg,0,cup,1,-45,0,-45
423,drinking_150.jpg,0,glass,1,45,0,45
424,drinking_161.jpg,0,bottle,1,45,0,90
425,drinking_069.jpg,0,cup,1,0,0,-45
426,drinking_095.jpg,0,straw,1,0,0,0
427,drinking_163.jpg,0,cam,1,-45,0,-80
428,drinking_100.jpg,0,cup,1,0,0,-20
429,drinking_054.jpg,0,bottle,1,-90,0,-90
430,drinking_050.jpg,0,bottle,1,0,0,-100
431,drinking_201.jpg,0,glass,1,-45,0,-45
432,drinking_194.jpg,0,bottle,1,-45,0,-30
433,drinking_103.jpg,0,straw,1,0,0,-30
434,drinking_051.jpg,0,bottle,1,90,0,90
435,drinking_143.jpg,0,class,1,0,0,-90
436,drinking_062.jpg,0,bottle,1,-45,0,-90
437,drinking_113.jpg,0,cup,1,0,0,0
438,drinking_218.jpg,0,bottle,1,-90,0,-85
439,drinking_086.jpg,0,glass,1,-90,0,-45
440,drinking_228.jpg,0,straw,1,0,0,-30
441,drinking_107.jpg,0,straw,1,90,0,30
442,drinking_088.jpg,0,bottle,1,90,0,80
443,drinking_076.jpg,0,cup,1,0,0,0
444,drinking_187.jpg,0,glass,1,45,0,45
445,drinking_013.jpg,0,bottle,1,-45,0,-45
446,drinking_026.jpg,0,glass,1,-45,0,-60
447,drinking_199.jpg,0,cup,1,0,0,0
448,drinking_233.jpg,0,straw,1,0,0,-110
449,drinking_134.jpg,0,cup,1,0,0,-20
450,drinking_123.jpg,0,bottle,1,0,0,-90
451,drinking_248.jpg,0,bottle,1,-90,0,-110
452,drinking_089.jpg,0,cup,1,90,0,45
453,drinking_250.jpg,0,glass,1,90,0,45
454,drinking_041.jpg,0,cup,1,0,0,0
455,drinking_070.jpg,0,bottle,1,0,0,0
456,drinking_033.jpg,0,bottle,1,-45,0,-100
457,drinking_255.jpg,0,bottle,1,-90,0,-90
458,drinking_177.jpg,0,can,1,-45,0,-100
459,drinking_224.jpg,0,bottle,1,-90,0,-90
460,drinking_073.jpg,0,glass,1,-45,0,-20
461,drinking_137.jpg,0,can,1,0,0,-20
462,drinking_188.jpg,0,cup,1,-90,0,-90
463,drinking_236.jpg,0,cup,1,0,0,-10
464,drinking_119.jpg,0,can,1,0,0,-30
465,drinking_003.jpg,0,straw,1,0,0,5
466,drinking_029.jpg,0,glass,1,0,0,10
467,drinking_162.jpg,0,can,1,0,0,-45
468,drinking_078.jpg,0,cup,1,45,0,-45
469,drinking_084.jpg,0,can,1,-90,-45,-70
470,drinking_239.jpg,0,straw,1,45,0,30
471,drinking_219.jpg,0,glass,1,0,0,-20
472,drinking_227.jpg,0,straw,1,0,0,45
473,drinking_036.jpg,0,glass,1,-45,0,-45
474,drinking_091.jpg,0,cup,1,45,0,45
475,drinking_165.jpg,0,glass,1,-45,0,-30
476,drinking_135.jpg,0,can,1,45,0,80
477,drinking_151.jpg,0,cup,1,0,0,-70
478,drinking_002.jpg,0,straw,1,-45,0,-45
479,drinking_114.jpg,0,cup,1,0,0,0
480,drinking_234.jpg,0,straw,1,0,0,45
481,drinking_030.jpg,0,bottle,1,-90,-45,-90
482,drinking_045.jpg,0,can,1,90,0,70
483,drinking_141.jpg,0,glass,1,0,0,-20
484,drinking_101.jpg,0,can,1,-90,0,-60
485,drinking_098.jpg,0,juicebox,1,-45,0,-60
486,drinking_039.jpg,0,can,1,0,0,45
487,drinking_129.jpg,0,glass,1,45,0,30
488,drinking_223.jpg,0,can,1,0,0,-20
489,drinking_052.jpg,0,glass,1,-90,0,-45
490,drinking_126.jpg,0,cup,1,-90,-45,-90
491,drinking_249.jpg,0,glass,1,-90,0,-45
492,drinking_060.jpg,0,cup,1,45,0,45
493,drinking_202.jpg,0,straw,1,0,0,-20
494,drinking_071.jpg,0,glass,1,-45,0,-45
495,drinking_189.jpg,0,glass,1,0,0,-30
496,drinking_205.jpg,0,glass,1,-90,0,-45
497,drinking_138.jpg,0,glass,1,0,0,0
498,drinking_179.jpg,0,glass,1,0,0,-20
499,drinking_075.jpg,0,bottle,1,-90,0,-100
500,drinking_081.jpg,0,cup,1,0,0,30
501,drinking_192.jpg,0,glass,1,0,0,30
502,drinking_117.jpg,0,straw,1,0,0,-20
503,drinking_021.jpg,0,cup,1,-45,0,-20
504,drinking_131.jpg,0,cup,1,-45,0,-90
505,drinking_171.jpg,0,straw,1,90,0,30
506,drinking_072.jpg,0,bottle,1,-45,0,-145
507,drinking_042.jpg,0,glass,1,45,0,-135
508,drinking_180.jpg,0,straw,1,-45,0,-20
509,drinking_064.jpg,0,can,1,0,0,10
510,drinking_014.jpg,0,bottle,1,-90,0,90
511,drinking_018.jpg,0,straw,1,0,0,-10
512,drinking_220.jpg,0,glass,1,0,0,5
513,drinking_241.jpg,0,glass,1,0,0,-30
514,drinking_175.jpg,0,glass,1,45,0,45
515,drinking_097.jpg,0,glass,1,-90,0,-30
516,drinking_251.jpg,0,straw,1,90,0,45
517,drinking_055.jpg,0,glass,1,90,0,45
518,drinking_012.jpg,0,cup,1,-90,0,-45
519,drinking_108.jpg,0,bottle,1,0,0,90
520,drinking_191.jpg,0,cup,1,90,-20,90
521,drinking_153.jpg,0,glass,1,-45,0,-90
